0.087297894	-0.035759762	-0.10124628	0.008592012	-0.10427453	0.04982819	-0.026265187	0.16123988	-0.021726103	0.03391045	-0.07775722	-0.08329316	-0.10280696	-0.099810354	0.044234674	-0.012666713	0.028732918	-0.029084956	0.041636627	-0.017903484	-0.06725644	-0.0065569687	-0.08723065	-0.057385296	-0.035964835	-0.15294456	0.08318096	0.18094258	-0.106057465	-0.011663078	-0.1419845	-0.055661224	-0.11144352	0.059457313	-0.122081004	0.041437134	0.011883983	0.23339276	-0.15673462	-0.17130798	-0.10340147	-0.086996384	-0.104977995	0.021152291	-0.062061988	0.11332204	0.0071784393	0.06506769	-0.1900878	0.084671535	-0.09058727	-0.020334274	-0.055529207	0.1174459	0.10870355	-0.0682553	0.017633727	0.060061976	-0.003197384	0.0033469999	-0.029534016	0.02525523	-0.013635532	-0.022851387	-0.0014145041	-0.15922755	0.01817516	0.08139479	-0.16844004	0.17257977	0.053993963	0.006554508	-0.16083282	-0.12788068	0.1383418	0.14651617	0.14968213	0.0016988028	-0.05657231	-0.0711087	-0.16246021	-0.06330132	-0.14225556	-0.06460243	-0.015764525	0.07059923	-0.09500242	-0.1831397	-0.049023375	-0.119255766	-0.15866889	-0.1080768	0.07815467	-0.115564846	-0.06278888	0.19930293	-0.05690886	0.075847805	-0.025260609	-0.1344679
-0.049221333	0.06964722	-0.09583754	-0.06550686	0.014535603	0.09889493	-0.028878037	0.20762144	-0.006881233	0.04544346	-0.08442508	-0.013423793	-0.119783595	-0.04616289	-0.04450912	0.100592546	0.043916997	-0.038480468	-0.023185173	-0.0043117865	-0.027171055	0.07090563	-0.046626937	-0.17727996	-0.0502259	-0.08485071	0.10528147	0.13576491	-0.09020909	-0.036254324	-0.11616727	-0.07098935	-0.17039971	0.10953756	-0.0022170616	0.058266442	-0.083715685	0.19705716	-0.08384911	-0.1472835	-0.07249684	-0.13284065	-0.08546264	0.11997635	-0.0631136	0.06718752	0.05041593	0.10375604	-0.18052052	0.022432974	-0.0152701335	-0.015224573	-0.16551645	0.15192652	0.19053788	0.00025750214	0.035039358	0.120106086	0.028658519	0.04451384	0.014577348	-0.013654998	-0.1437599	-0.091025285	0.003238142	-0.17880972	-0.012452352	0.06564938	-0.17612448	0.19285776	0.14973806	0.09084306	-0.212098	-0.12221341	0.07068182	0.13773745	0.16128613	-0.032586046	-0.09960997	-0.06865438	-0.08583883	0.03489284	-0.116257936	-0.082497165	-0.026498502	-0.04610466	0.046403	-0.07717524	-0.028468885	-0.16753815	-0.10280067	-0.088148884	0.0751417	-0.04653703	-0.13224782	0.10039468	-0.16540329	0.09064384	0.00015167412	-0.19308938
-0.11154685	0.04694315	-0.08150909	-0.06927131	0.037725326	0.060275435	0.041461807	0.09391467	0.023470107	-0.044265904	-0.085135	0.11384104	-0.14270836	-0.004765071	-0.24332535	0.05496556	0.08577601	-0.046804298	-0.024364937	-0.04980271	0.05960916	0.09404736	-0.016881509	-0.20611347	0.014267381	-0.12694192	0.14264148	0.09146548	-0.045500483	-0.17471075	-0.12726502	-0.040586535	-0.17414422	0.11891393	0.027981559	0.001763492	-0.12911426	0.06895411	-0.07221688	-0.19871454	0.027449252	-0.01651983	-0.12207526	0.06254334	-0.023390885	0.101824306	0.069789454	0.026584007	-0.15522683	0.05233781	0.018559888	0.048139293	-0.12066829	0.0010766737	0.09486237	-0.16069068	0.049756292	0.23444985	0.15338452	0.051636923	0.18564114	-0.12078261	-0.10529802	-0.09409351	0.11535893	-0.11364745	-0.06395631	0.06467342	-0.12548381	0.13261537	0.15141296	0.24748705	-0.2374823	-0.077265255	0.11033918	0.15482192	0.10848424	-0.020125164	-0.032880027	-0.024924716	-0.07887502	0.035959214	-0.02513943	-0.041849546	0.034552462	-0.19199398	0.018880412	0.03009573	-0.06808615	-0.06216429	0.056517016	-0.1017497	0.10222837	-0.05144893	-0.13184519	0.08200916	-0.16315491	0.008418901	-0.0041230014	-0.10268274
-0.17752562	0.041517943	0.045643035	-0.17544805	0.099875785	0.06898658	-0.046008896	0.06261326	0.05928105	0.011056969	-0.024339817	0.053180397	-0.092386626	0.058807503	-0.18756378	-0.038067877	-0.014282725	0.039437458	0.0016665629	-0.06881271	0.072965965	0.022845393	0.099176295	-0.105268516	0.106426574	0.020088896	-0.037608214	0.11340253	0.05788195	-0.08858102	0.037819374	0.06133984	-0.1135819	0.031627234	-0.0070969583	0.03066103	-0.119906686	0.04465228	-0.048963305	-0.044753645	0.082361124	-0.03224214	0.022465358	-0.033390928	0.069140665	0.0070437877	0.05285848	-0.010424504	-0.047572833	0.11535883	0.023037951	0.08920479	-0.03152098	-0.062496424	0.055117577	-0.15599756	0.033810645	0.21545224	0.14412773	0.02238193	0.10379924	-0.12264869	-0.08938055	-0.025091542	0.13064499	-0.08817996	-0.114932	-0.011644529	-0.08188285	0.07459811	0.02325521	0.080172844	-0.113493875	-0.03716256	0.058799844	0.0529978	-0.026655978	0.044183277	0.032415416	0.05265656	0.04456332	-0.079091996	0.004696209	0.05393949	-0.012236194	-0.19437046	-0.024819702	0.061507743	-0.061608892	-0.045227103	0.060274277	0.045507107	-0.025244186	-0.041751735	-0.041778937	-0.098116666	-0.07184211	-0.052053273	0.009225175	-0.039710276
0.18023556	-0.1482456	0.013616677	0.02865557	-0.08213383	-0.06309474	-0.029409777	-0.057551768	-0.014573066	0.0075563723	0.04056471	-0.14100358	-0.02413857	0.029636346	-0.0021807142	-0.05818013	-0.066591404	0.043460492	0.03878657	-0.043651983	-0.099477865	-0.07669852	0.041418433	0.085065976	-0.0381714	-0.019965073	-0.080195315	-0.03537238	0.024448577	0.09167052	0.011510602	-0.022050006	0.08292852	0.03514413	-0.013216381	-0.055729046	0.052583	0.021033278	0.024538625	0.051815376	0.021269837	-0.0051384065	0.0016508264	-0.047499415	0.0664851	-0.03236952	-0.041030966	0.018642684	0.107221104	0.032338116	0.029101944	-0.06737969	0.08191031	0.17009188	-0.057778127	-0.012710012	-0.022656485	-0.097949505	-0.10008236	-0.039495997	-0.06339779	0.054837286	0.030603241	0.047583953	-0.11930988	-0.008868434	0.17685427	-0.052985463	0.029227749	-0.027655235	-0.1143958	-0.105870806	0.10210726	0.023311548	-0.07898405	-0.069132105	0.0061448147	-0.0018435413	0.09206936	-0.024541615	-0.010843129	-0.053778216	-0.029206686	0.014119992	-0.0798687	0.049812816	-0.049633067	-0.0672389	0.03630997	0.0375799	-0.08640606	-0.016941836	-0.09762646	0.065439224	0.048068415	0.028472725	0.020174434	-0.029485919	0.016189696	0.04085359
-0.00077611033	0.030634789	-0.04227995	-0.05978681	0.06494909	0.024726214	0.003947807	0.048505515	-0.048334945	-0.015461034	-0.045577805	0.022203356	-0.043022785	0.009001588	-0.046126578	-0.037362646	0.055606697	-0.030454267	-0.036618315	-0.021300087	-0.013692014	0.03761949	-0.0049188007	-0.09643101	0.06983674	0.00017119986	0.07068171	0.052668557	-0.040145867	0.0019787797	-0.05752218	-0.009718359	-0.020184979	0.024638033	0.08969241	-0.02797572	0.021146404	0.07512432	-0.012118314	-0.07814776	0.0013729646	-0.016639857	-0.047150075	0.013519183	-0.032751784	0.009028723	0.08297469	0.04550568	-0.11336471	0.022557909	-0.07395038	-0.020407328	0.009833124	-0.0010003936	0.09976361	0.071147114	-0.03991805	-0.026188863	-0.02566515	0.06283983	0.00037537576	-0.023908556	-0.002398604	0.0006870431	0.03901983	-0.04369691	-0.02158386	-0.016680196	0.008344593	0.09383801	0.013625953	0.019589266	0.015696468	-0.056298222	-0.018884508	0.05079309	0.0030445778	-0.027187508	-0.011380148	0.009358775	-0.070496134	0.0110190855	0.01181763	-0.08290001	0.02650253	0.026087344	0.013493795	-0.059296694	-0.043065492	-0.05838499	-0.026351633	0.035040542	0.04707386	-0.029554302	-0.017530201	-0.04326799	-0.04747319	-0.005547167	-0.041169394	-0.033464782
-0.10248198	0.043806054	0.061737303	-0.13739812	0.076130204	0.022086116	-0.08266069	0.018329369	0.022087833	-0.041388802	-0.03042424	0.094433606	-0.06267092	0.031018933	-0.1466465	0.03075737	0.049932882	0.057591923	0.065042846	-0.04054675	0.07549743	0.020934714	0.036138024	-0.1571337	0.03409979	0.021845227	0.035549417	0.08936694	0.04057415	-0.039775208	0.0018738282	-0.041824374	-0.052659426	0.06229063	0.07701779	0.0077740597	-0.110007346	-0.02616366	-0.03392864	-0.072851345	0.016118674	-0.0036173565	-0.05851837	0.025107142	-0.015737526	-0.0027876142	0.07335618	-0.032435123	-0.048767116	0.088496864	0.048269928	0.04476155	-0.010243867	-0.07228673	0.059941407	-0.062118564	0.08352794	0.07805362	0.1458298	-0.042723052	0.07687042	-0.088760845	-0.100628816	0.006001162	0.12604865	0.009448948	-0.11720749	0.007975335	-0.05957698	0.015325253	-0.00025908774	0.09287987	-0.107947566	-0.036115203	0.06100237	0.118445806	-0.033542894	0.034509722	-0.04016278	-0.0257782	-0.0293896	-0.010878334	-0.038060628	-0.044179186	0.01012607	-0.099779405	0.03562529	0.030596709	-0.046872962	-0.06791257	0.09852392	-0.0045104823	0.024510087	0.037741587	-0.0757596	-0.090872124	-0.06390039	-0.06455585	0.043167416	-0.012324151
-0.09847947	0.0054054987	0.07087778	-0.08519173	0.066334814	0.011223619	-0.03949098	-0.103086926	0.071013935	-0.011143664	-0.02115088	0.022820735	-0.08531564	0.046244305	-0.06571426	-0.0547087	-0.034698993	0.08647633	0.021771308	-0.10503359	0.059487868	-0.034591813	0.06157046	-0.039895054	0.104429044	-0.004462312	0.010990206	0.04850668	0.06031388	-0.010503014	-0.014628008	0.09884866	0.015785677	0.02126522	0.023546353	-0.033368047	-0.06978833	-0.090858534	-0.018421458	-0.0075492207	0.076548345	0.078153156	0.057739086	0.0035124104	0.025150904	-0.024331253	-0.041867495	-0.055142798	0.06753581	0.041849993	0.06483637	0.002570681	-0.0024652446	-0.044137128	0.015438537	-0.0236788	0.08481231	0.021612123	0.1067623	-0.050054614	-0.009272249	0.013295432	0.06010214	-0.0054917526	0.027311062	0.08022118	-0.053638194	0.0028001266	0.04016112	-0.0015374538	-0.025260242	0.074674234	0.029337125	0.0875068	-0.020563405	-0.059966527	-0.025196513	-0.017458847	0.020091437	0.029346546	0.064718805	-0.07440407	0.050961293	-0.024742072	-0.021482665	-0.032139253	0.023619449	0.04542474	0.005030317	0.04907115	0.16045012	0.1129758	-0.0658492	0.07575927	0.025019396	-0.082723066	0.0062490944	-0.06819939	0.06377388	0.088233784
0.16892818	-0.16633433	-0.03485978	0.03346227	-0.0042071315	-0.07546311	0.09180374	-0.08674429	-0.06493117	-0.057204124	-0.026844539	-0.18316905	0.045427002	0.025452416	0.09373745	0.017109828	-0.029018814	-0.028858978	0.05519406	0.16376811	-0.17973109	-0.16397347	-0.005789141	0.1087076	-0.052535336	-0.0013732314	-0.12927282	-0.13747862	0.0022872577	0.108176425	0.023196403	0.0018030854	0.16049972	0.006654683	-0.04609359	-0.075974084	0.13024624	-0.04588138	0.0043405932	0.045162674	-0.0075857537	0.02660808	-0.015290611	-0.07964368	0.012050337	0.006551477	-0.03405085	-0.032936484	0.031176649	-0.083270095	-0.05407413	-0.18032216	0.07213916	0.23016629	-0.08637845	0.15137044	-0.09432819	-0.13050726	-0.28864452	-0.023724457	-0.15520555	0.102094635	0.10684618	0.023769546	-0.15315196	0.064265124	0.20260854	-0.0094204405	0.091172755	-0.034031905	-0.032068383	-0.15846203	0.26204965	0.02622377	-0.06693188	-0.10857417	-0.063230805	-0.11256229	0.0020864573	-0.004384531	0.0040540374	0.016314931	0.045548018	0.038796317	-0.07577757	0.1125832	-0.0010134872	-0.028547227	0.08222824	0.062434327	-0.08474843	-0.018626783	-0.017921645	0.038076743	0.025823025	0.046532404	0.115381315	0.081322834	0.023650821	0.0071482914
-0.16941182	0.122069255	0.056139693	-0.11177855	0.10805705	0.009310532	-0.058254927	0.059812866	-0.019473866	0.006810123	-0.020135611	0.18028954	-0.04917385	0.018247686	-0.04543325	0.023775933	-0.039629262	0.04760915	-0.014219414	-0.06576074	0.15697081	0.14756744	-0.007702769	-0.12951294	0.041020464	-0.0019926426	0.046305764	0.11092061	-0.05265185	-0.090418324	0.044310424	-0.009578962	-0.101173714	-0.008798855	0.15019882	0.07450014	-0.023806974	-0.029148486	-0.007176466	-0.025938641	0.06350095	-0.037217118	0.03841552	0.0045759887	-0.040985048	-0.011604704	0.048676584	-0.05641882	-0.10297297	0.020457167	0.06994762	0.12983273	-0.07987631	-0.10350038	0.09939514	0.029733235	0.061316926	0.024695124	0.10471619	0.026108153	0.10968837	-0.09766436	-0.054104052	-0.05783124	0.09340069	-0.013135938	-0.14873502	-0.026249703	-0.022409886	-0.008217216	0.03756329	0.12849747	-0.12577339	0.004565889	0.04127983	0.04489103	0.01081294	0.084382996	-0.017812572	0.026750853	0.016092721	0.047407392	0.043948695	0.019950714	0.08158235	-0.14247704	0.07655114	0.051256165	-0.11212103	0.020926706	0.16657889	0.023845708	0.007368021	-0.07084313	-0.017309802	0.00365459	0.020693231	0.04519558	0.011494095	0.02823023
-0.018007318	-0.04034157	0.07677686	-0.012720696	-0.012590307	-0.044211496	-0.050558336	-0.11029274	0.011698952	-0.015515611	0.045209512	-0.021171177	0.032192197	0.019674396	-0.0010318356	-0.04489938	-0.044275876	0.045996226	-0.020510957	0.0035821355	-0.059436865	-0.024423452	0.06742203	0.022401415	0.019852487	0.01442042	-0.101144604	-0.014148485	0.04739784	0.028494641	0.0016306451	-0.0120501835	0.113360815	-0.05463023	-0.0038081938	-0.0017177428	0.071011074	-0.06336496	0.07236098	0.076119974	0.004602195	0.07073252	0.019142557	-0.027888674	-0.022794683	-0.02607972	-0.061419763	-0.06453933	0.07679039	-0.015769245	0.065491535	-0.0886357	-0.020352652	0.050045095	-0.0060400153	-0.017274749	-0.060824014	-0.0151198115	-0.05876892	-0.079895355	-0.07098082	-0.010979283	0.0039557475	0.007027791	0.022381699	0.08284711	0.028544903	-0.07369532	0.038412552	-0.029377328	-0.0016160493	0.032277383	0.04585666	0.052450385	-0.041869137	0.0022240425	-0.085670896	-0.012968797	0.04750317	0.032808617	0.060135417	-0.07590205	0.0054867906	0.0052103684	-0.013780853	0.0144153945	0.02593752	0.046278164	0.094974175	0.077214666	0.008872674	0.015795978	-0.03585316	0.067187026	0.03455627	-0.012165149	0.03161589	0.015854182	0.035236433	0.057188362
0.021207402	-0.0033497564	0.04170502	0.017535398	0.078508385	-0.03499763	-0.010312497	-0.101117566	0.047150236	0.027359625	0.013360168	-0.0062656472	-0.06007684	0.05406961	0.047685947	-0.006441479	-0.00032045553	0.041815303	0.007466925	0.024493696	0.02044719	-0.008181418	0.013959524	-0.016348515	0.0023256203	0.06673322	-0.04584563	0.00026520985	0.07325794	0.02385537	0.07528448	0.029835021	0.09117896	0.012191394	0.034559954	-0.004854409	0.025642905	-0.05776666	0.010112581	0.07844764	0.037963223	0.043267556	0.046442196	-0.0040188646	0.063060544	0.05377146	0.023181358	-0.04856146	0.01714964	-0.030082468	0.01809792	-0.019427342	0.04282113	-0.02691524	-0.0024078	0.0076263556	-0.012449572	-0.04444739	0.03246377	0.014640609	0.02149723	0.035476435	0.015876323	-0.028343232	-0.009687137	0.013611911	0.045747884	-0.07563383	0.070375115	-0.06915975	-0.048062343	-0.0061008185	0.031851936	0.0584311	-0.037756823	-0.04081398	-0.06046173	-0.054835036	0.019724244	0.05625386	0.036954515	-0.0458143	0.062903754	0.012138908	-0.0455183	0.044016354	0.041171007	0.04448863	0.05175397	0.0144361565	0.018823422	0.061210096	0.004260194	0.010711367	-0.0020644693	-0.0151870735	0.07064562	-0.03501773	0.02416808	0.017410723
-0.013347906	-0.08323037	0.047508888	0.0025024402	0.06271512	0.0034729522	0.020782813	-0.09198666	-0.0009559144	-0.07024947	0.04165432	-0.026718099	0.030893099	0.04772505	0.0398919	-0.041596506	-0.035587292	0.017685076	-0.022716977	0.040705334	-0.018523872	-0.0761936	-0.0215604	0.08703484	0.057707593	0.016584601	-0.038349662	-0.057431962	0.02529287	0.016077308	-0.005951415	0.030246237	0.07504885	-0.00092310924	-0.000609163	-0.00025426893	0.014544548	-0.06656956	0.029666971	0.02388342	-0.010016266	0.05955886	0.024965728	-0.03422066	0.0637674	-0.010205151	-0.031376332	-0.08236158	0.04512745	0.029008992	-0.036220793	-0.016695227	0.057546984	0.08471529	-0.004290223	-0.004053625	0.008500309	-0.026485324	-0.07700682	0.0009907954	-0.03488672	-0.005324573	0.06371297	-0.010964476	-0.06963275	0.08431334	0.048422474	-0.058725215	0.038154326	-0.008093569	-0.0072319643	-0.068577	0.10120603	0.0052889655	-0.042583782	-0.089907125	-0.0869004	-0.018550862	-0.010336757	0.05362553	0.0039162035	0.02072293	0.048399884	0.09132885	-0.021100033	-0.00013859154	0.001591709	0.095277004	0.078202076	0.013839473	0.006959808	0.024140144	-0.0074918545	0.04340047	0.0670289	-0.093753554	0.08936332	0.011232146	0.0049098274	0.01249747
0.028237151	0.0015441548	0.033458572	0.0233743	0.012505447	0.024136662	-0.017468601	-0.033282045	0.015845496	-0.048751947	-0.0017607621	0.005598658	0.008942259	0.015530708	-0.0094678365	-0.034850903	-0.032838043	-0.025900656	-0.028070258	0.036400873	-0.0067821913	-0.039467584	0.023420112	-0.007358806	0.011892328	-0.022448491	-0.008870404	0.014136515	0.041703437	0.017754383	0.017569067	-0.00833977	-0.0059292926	-0.040292572	0.0006050349	-0.011195573	0.048385285	-0.08383858	-0.0016519134	0.037376117	0.05506168	0.055647425	0.019933809	0.010485166	-0.020029247	0.029802628	-0.010190448	-0.058002114	-0.007899837	-0.041162767	0.0005093926	-0.018577669	0.028618282	-0.014728879	-0.01897852	0.06996698	-0.006552156	-0.050335336	-0.010708858	-0.039057855	0.03609394	-0.019815836	0.051073913	0.023412608	-0.0365049	0.013924969	0.003068385	0.012440006	0.024939228	-0.06514738	-0.05285686	-0.028992169	0.006290173	0.011102945	-0.010522594	-0.05227621	-0.020680327	-0.020214124	-0.036028866	0.0785868	0.07347234	-0.035044145	-0.019304032	0.02546806	-0.035364643	0.076717705	-0.02199892	0.04239923	-0.002520773	0.07142928	0.023958858	0.0440123	-0.062118415	0.013420241	0.010053604	-0.0006981022	0.088470064	-0.011408088	0.04223114	0.0068860943
-0.13475598	0.06624393	0.015730713	-0.09654778	0.11631665	-0.03606602	-0.00071072456	-0.05466185	0.07371368	0.0060853465	0.045180332	0.03851413	-0.083275825	0.012538937	0.04420932	-0.013872177	-0.071621194	0.06198292	0.009676093	-0.09062947	0.042498928	0.037051145	-0.002438974	-0.06099919	0.10415506	-0.01115116	0.029765647	0.020589778	0.08371801	-0.030232646	0.06957262	0.04279452	-0.0038069086	-0.03784831	0.047998596	-0.015364022	-0.0026798092	-0.078302644	0.09158587	0.010576198	0.003545116	0.03285516	0.07887404	0.030347269	0.043029513	0.014799902	-0.0315603	-0.06634585	0.030291315	0.00043591767	0.05867073	0.09413334	0.02467748	-0.060170952	0.031019183	0.039975602	0.08630992	0.05691635	0.09277019	-0.026931979	0.017300842	0.011556345	-0.03330844	-0.07607997	0.06943701	0.0967896	-0.13286828	-0.051208794	0.055888038	-0.00091172796	-0.020297617	0.036212794	-0.013734925	0.037903734	-0.0045469524	-0.011699809	0.00793092	-0.01091002	-0.037483845	0.0017945634	0.039505117	0.02594716	0.029033188	0.077709705	-0.02482454	0.015248182	0.040013947	0.07462241	0.047720797	0.010230831	0.15078774	0.08012085	0.024386546	-0.025064234	0.0069246343	-0.071953885	0.0064141904	-0.06795008	-0.042766277	0.08231609
0.13968593	-0.21115705	0.046796676	0.14045987	-0.03357287	-0.04008025	0.042985823	-0.11199575	0.010820633	-0.0055645555	0.046075426	-0.20495348	0.0069025066	-0.021222172	0.09368505	-0.0045822016	-0.028143793	-0.037730623	0.048147548	0.0751696	-0.1231335	-0.033565056	-0.0020305926	0.14752407	-0.057046548	0.022306414	-0.081177644	-0.15466243	0.01621457	0.06425353	0.065791324	-0.022142263	0.22504893	-0.006427521	-0.08712459	-0.05350525	0.06710558	-0.05804785	0.049431536	0.13064213	0.03246446	0.06396909	0.05075216	-0.08445598	0.028217306	0.006825389	-0.034711536	-0.083861694	0.09711653	-0.007739277	0.017851122	-0.11173003	0.039146136	-0.010321454	-0.072201505	0.05273164	-0.017849877	-0.084177576	-0.17679735	0.0052690646	-0.10868665	0.11186988	0.0784045	0.08488024	-0.07052057	0.069790706	-0.011975669	-0.036661256	0.13735305	-0.068314105	-0.09965132	-0.13905743	0.1964952	0.079153694	-0.13305384	-0.13442552	-0.038648672	-0.06788972	0.05933243	0.099979356	0.0789577	0.0329286	0.034021523	0.04939683	-0.039352067	0.12716216	0.0073165316	0.07500717	0.12322565	0.07259848	-0.07127769	-0.0055056876	-0.07046801	0.09059823	0.045975268	0.009865763	0.1054382	0.00024519584	0.0009989066	0.06996356
-0.004786676	0.011461477	0.010587751	0.044107016	0.048390053	-0.046482075	0.03927268	-0.042089622	-0.008954211	0.0052704876	-0.031077899	-0.01649825	0.04341275	0.017465686	0.07540021	-0.009120695	-0.021723796	-0.038484786	-0.07757204	-0.012294635	0.08799202	0.030666545	-0.040471464	0.03805971	0.0339739	0.046706494	-0.010523209	0.0060286364	-0.014841034	0.040294033	0.07208896	-0.025304472	0.106058896	-0.012661978	0.04792115	-0.022613794	0.047388818	-0.058159072	0.024803225	0.083630964	0.049982075	0.011853544	0.057637196	-0.021004282	0.025004456	0.002792978	-0.040975448	-0.046154473	0.057510074	-0.036659986	-0.027580362	0.04980611	0.04102738	-0.03224338	0.035837643	0.019536596	0.0038741778	-0.07955725	-0.026791358	-0.0557756	0.04641396	0.01763402	0.048686624	-0.0051763165	0.026272237	-0.00551712	-0.036139626	-0.06574612	0.032122955	-0.0022733558	-0.07304606	-0.069715366	0.08045536	0.07378943	-0.0314973	-0.060961425	-0.02149255	-0.028877223	0.039100222	0.021776	0.043788083	-0.020886665	0.038101647	0.007778488	-0.049294733	0.018875621	-0.039436083	0.02909613	0.017672999	-0.003787497	-0.021904672	-0.00013154445	-0.043370187	0.040968735	0.023451352	-0.05885222	0.029927239	0.020665456	0.032040115	-0.027432926
0.15361644	-0.082369596	-0.0011745346	0.13408637	-0.0041379393	0.022623742	0.0661677	-0.04148177	-0.015181465	-0.054507107	0.0057867668	-0.038316794	0.078128934	-0.053181395	0.07366031	-0.0276556	-0.013236798	-0.01637104	-0.03732999	0.07001122	-0.08906601	-0.03184825	0.029305724	0.08575129	-0.08525039	-0.05005395	-0.05032887	-0.06480472	0.032830607	0.07320128	0.05474757	-0.08748741	0.08321764	0.017929938	-0.059432436	-0.034943435	0.11733422	-0.062728636	0.026132993	-0.029382367	-0.035083074	-7.729822e-05	0.010509597	-0.043279286	-0.04720716	-0.0023895209	-0.04600055	0.0059750555	0.019580482	-0.058815774	-0.05177949	-0.13947165	0.020172877	0.11405293	-0.05349045	0.04669889	-0.08759104	-0.075996965	-0.112973794	-0.032071665	-0.03958713	0.053711373	0.0014570741	0.0267527	-0.08426931	0.032604918	0.023216065	0.02984253	0.039264526	-0.003992971	-0.08387591	-0.034301855	0.045968603	0.018092409	-0.07562397	-0.0587923	0.036018867	-0.08744933	0.04996565	0.032842133	0.040988415	0.047426652	-0.010133086	0.0021710976	-0.044423707	0.06310956	-0.08066404	-0.03920666	0.00968123	0.024823628	-0.054431133	-0.0040526036	0.024636474	0.0064375047	0.08699446	0.04929477	0.06197356	0.03611076	-0.021268722	-0.013486225
-0.11236781	0.10256972	0.020154826	-0.074868515	0.11698449	0.032315243	-0.019781822	0.0035182715	0.012551617	0.043339342	0.025954882	0.15096736	-0.0045275018	0.03389146	-0.08904171	0.07592452	-0.0149893025	0.031375498	-0.02352847	0.018203609	0.17951867	0.1257749	-0.007296538	-0.06930728	0.036500953	-0.0017687452	0.02321691	0.08541975	-0.022428961	-0.022553	0.025316056	-0.016480938	-0.049072262	0.036012053	0.025238402	-0.0013467688	-0.06255467	0.039586853	0.05059598	-0.015369914	-0.037088558	-0.07610874	0.019153185	0.032282725	0.02364635	-0.02028855	0.06777782	-0.058998384	-0.014758506	-0.026359322	-0.033898268	0.09155613	-0.033717386	-0.042466152	0.04001076	-0.039566163	0.10880545	0.0072768396	0.1360202	0.035042815	0.088661626	-0.020152764	-0.022529652	-0.04764371	0.094742894	-0.0210702	-0.08216134	0.040421113	-0.00023255998	0.010171519	-0.014106159	0.06526889	-0.016257342	-0.012909471	0.0023133815	0.022639086	-0.037170287	0.05623803	-0.016649205	0.058796614	-0.025884112	0.10657864	0.003157158	0.047596395	0.043158144	-0.02806646	0.040538955	0.08174739	-0.068275236	-0.06718604	0.0840555	-0.03346311	-0.009092687	-0.00020472615	0.025075246	-0.010438562	-0.04485403	-0.023286747	-0.0019492699	-0.051147938
-0.0007163711	-0.048048552	-0.0283694	-0.0108868405	-0.04574939	-0.059781995	-0.042241864	-0.015639953	0.008266363	-0.046416517	-0.0048240423	-0.0038900466	-0.0018407077	0.029822398	0.05642634	-0.06355774	-0.02672229	-0.036338363	-0.024847455	-0.032558158	-0.10799077	-0.059462007	0.0011494583	0.055852264	0.0052400525	0.024605224	-0.0030459655	0.020067785	-0.018335028	-0.013517632	-0.011006236	-0.04429373	0.02098419	-0.011523978	-0.024531929	-0.008261533	0.0969252	0.0010560389	0.0039904374	0.012395262	-0.01096798	0.030014658	0.009143472	-0.03354331	0.06417505	0.034113847	-0.032659285	-0.06461198	0.040846903	-0.017651387	0.07242989	-0.082026616	0.029674755	0.04900808	-0.0472497	0.07478262	0.028961558	0.01530129	-0.031312183	-0.041913055	-0.05495029	0.021374593	-0.02165719	-0.04673524	-0.034520615	-0.013391989	0.0008334399	0.029890748	0.08202509	-0.020577805	-0.03478176	0.02309484	0.03718651	-0.004243899	-0.06952027	-0.0059590824	-0.025462383	-0.023653908	-0.023816023	0.021414604	0.03194238	0.028861718	-0.016464926	0.021893667	0.0020881044	0.05172179	-0.019548032	0.06623065	0.0018711272	0.07948767	-0.043847866	0.027306076	-0.04275996	0.047136188	0.013738597	-0.033872195	0.016742187	0.030724198	-0.010184028	0.07834146
0.0009762338	0.0717776	0.035751313	0.031399965	0.0778292	-0.04586457	-0.034169298	-0.052364375	-0.03533151	0.0047277147	-0.020744232	-0.0026279807	-0.0076489905	0.036301807	0.043868333	0.050967164	-0.025104374	0.055431746	0.0021846697	-0.052762803	0.07728027	0.03806986	0.064032644	-0.02234462	0.012188283	0.036519356	-0.05399511	0.009847314	-8.21821e-05	-0.042832486	0.052582707	0.0027912257	0.025223559	0.0074082687	0.06546627	-0.010815397	0.009549275	-0.07529172	0.06037642	0.075874954	-0.023710886	-0.044408865	0.039726947	0.03567437	-0.024617089	-0.025802588	0.023746332	-0.030696152	0.0014954652	0.007888615	0.008898583	0.04407378	0.020383315	-0.09967425	-0.015937561	-0.02385236	-0.017476065	-0.013174709	0.06743763	-0.017293282	0.03613311	0.029237295	-0.026511166	-0.050380707	-0.036397688	0.030760841	-0.10614242	0.025623415	0.06935346	-0.05307491	-5.4072923e-05	0.027064947	-0.008233289	0.032671172	-0.00854967	0.014749343	-0.058787175	-0.033586238	-0.02350301	0.08610644	0.012868017	0.066731855	-0.010089766	0.048312437	0.052747056	0.025333306	0.04849597	0.02351123	0.018524952	7.471957e-05	0.017796203	0.030070566	-0.0228921	0.011807222	0.03982314	-0.02292406	0.0692587	0.038994227	-0.04267428	0.04909221
0.039150614	-0.05373179	-0.038986344	0.040823214	0.070914164	0.0076958872	-0.019574385	-0.103407525	0.01844169	-0.046787567	0.043322403	-0.09455551	-0.023898188	-0.007327864	0.014474513	-0.018446838	-0.025660632	-0.042355586	-0.033812217	0.06992551	-0.0055565033	-0.03511688	0.055592123	0.058998298	0.026326153	0.06484164	0.013447224	-0.07277559	0.060287725	0.052587997	0.055103283	-0.0013436518	0.1051508	0.006577836	-0.041527327	-0.013864138	0.042288207	-0.07560766	0.07109537	0.07588257	-0.02165314	-0.006746951	0.0056410134	0.016355693	-0.031655766	0.001068532	-0.060478453	-0.0012963283	0.09249306	-0.02337374	-0.0013393254	-0.033119466	-0.0016880161	-0.037248448	-0.0611041	0.016383072	-0.012565791	0.038112488	-0.07803992	0.014968199	-0.0751886	0.013016032	0.06657437	0.03137713	-0.06299095	0.067243	-0.021914907	-0.045398235	0.08063338	-0.055908706	-0.059453934	-0.01563765	0.0100895325	0.0725245	-0.068944104	-0.07358066	-0.08306305	-0.08014216	-0.02704332	0.04617791	0.0013282665	0.015807763	0.033738613	0.013679711	-0.024930578	0.07223392	0.029343462	0.044459287	0.064111575	0.011581701	0.016098626	0.077962495	-0.025494518	0.03279773	0.044648916	-0.06785252	0.06023998	-0.025995424	-0.04275371	0.08732028
-0.08619703	0.04676297	0.035557125	0.00085389585	0.038283058	-0.037649546	-0.036872458	-0.09510527	0.005007198	-0.010806496	0.032802496	0.049030118	-0.03821344	0.051317103	0.008360152	0.014483699	0.0094954455	-0.014372146	0.029871583	-0.037921585	0.01769655	0.024534224	-0.03331447	-0.019522946	0.023384593	0.06313441	-0.020212103	-0.02264897	0.043058567	-0.016991321	0.07175933	0.043879125	-0.0046669473	-0.025055032	-0.006939498	0.007900505	0.038951207	-0.07555763	0.055343974	0.007893124	0.02456406	0.042530976	0.0678744	-0.04711457	0.043012608	-0.008364024	-0.09613444	-0.051097758	0.027059324	-0.023235787	-0.006788071	0.0011406727	-0.041535743	-0.027792664	-0.032625966	0.012182602	0.068518706	-0.0070279436	0.037717406	-0.003595198	0.052817706	0.0116602685	0.025631487	-0.06744315	0.0012933313	-0.022159018	-0.035096455	-0.01826562	0.015095655	-0.059211053	-0.072256826	0.012021857	-0.004273615	0.08178164	0.013789781	-0.046357382	-0.07169228	0.0337997	0.009308067	0.07535307	-0.027502138	-0.02421098	0.000492605	0.05305809	0.01734342	0.024671413	0.0063311565	0.026808253	0.050809838	0.045954738	0.048453785	0.084827535	-0.014339814	0.05090958	0.08335595	-0.015252674	0.054130588	-0.034710627	-0.044400696	0.04628303
0.140802	-0.1512997	-0.011783574	0.07258073	0.01463787	-0.061403003	0.04397266	-0.124896884	0.011156638	-0.0050837942	-0.017531734	-0.1465859	0.018181574	0.04540626	0.12307042	-0.008522549	0.012424847	0.0023170244	0.0058242455	0.09327807	-0.029662622	-0.053502973	0.013705679	0.06568187	0.011767888	0.03043313	-0.09051531	-0.081094064	0.049575064	0.057660688	0.03748532	0.0055894586	0.12275614	-0.064380676	-0.075250186	-0.07573072	0.07153893	-0.07544686	0.09837225	0.08275968	-0.015009208	0.06811666	0.041215524	-0.057320934	-0.020195853	-0.0011274951	-0.06733483	-0.054100353	0.1265514	-0.003939064	-0.011963179	-0.106465146	0.03349801	0.048929162	-0.00820184	0.083885774	-0.012345607	-0.061911963	-0.16002007	-0.07228333	-0.07471441	0.017506903	0.020810446	0.08920281	-0.12718654	0.08794133	0.019038638	-0.055427946	0.06341343	-0.06253532	-0.06362543	-0.09777816	0.06420352	0.061226994	-0.046754923	-0.07257671	-0.011744227	-0.11296147	0.052663196	0.0017866016	0.012585839	-0.0576641	-0.011299048	0.07845934	-0.0573281	0.047513895	-0.045028362	-0.023291744	0.03808471	0.029062806	-0.042100534	-0.005617326	-0.039910298	0.10152643	0.046684112	0.053031392	0.053783704	-0.027326738	0.012302744	0.048875574
-0.042747136	-0.053228714	-0.04431193	0.04534046	0.008228026	-0.0039035138	0.025345488	-0.06512943	-0.000892455	-0.014659658	0.060481016	-0.022592722	0.001960466	-0.003984075	0.095156364	-0.06855966	-0.061341375	0.0086953575	-0.07562434	0.031241385	0.037202533	0.0153036695	-0.001391742	0.07473854	-0.04232869	0.06813526	-0.05407241	-0.0453729	-0.02377514	0.039194506	0.020822441	0.03894851	0.035481878	0.01621957	0.0028606192	0.0021104324	0.03494638	-0.005028767	-0.0038787157	0.031882316	0.02107927	-0.04688559	0.043947466	-0.037477	0.040658865	-0.030163318	-0.03197725	0.00183924	0.0057120644	-0.0353066	-0.0036308663	0.030835496	0.014553488	0.030086981	-0.019295808	0.024160625	-0.005031316	-0.035535466	0.020310307	-0.00042771798	-0.026658824	0.04204552	0.044584543	-0.03162271	-0.02240156	-0.00030847936	-0.0178059	-0.023222763	0.043709017	-0.036670938	-0.047586583	-0.04478358	0.04028765	-0.040979456	-0.07102665	0.015685186	-0.014571821	0.03307608	0.0022139123	0.045938276	-0.0028306663	-0.027904429	-0.01211312	0.010890926	-0.030751735	0.06597888	-0.05571755	-0.005918641	0.007376194	0.06701174	-0.04931034	0.026372733	0.019843329	0.08045324	0.051717333	0.053208392	0.068759374	0.009869132	-0.028618142	-0.01041602
0.063023366	-0.10636954	-0.09087865	0.109482564	-0.05146377	-0.05346109	0.062427457	0.006529739	7.3825286e-05	-0.0029973057	0.05091843	-0.09753076	0.07938635	0.013120207	0.09661228	-0.09968784	0.002819013	-0.010244535	0.015812596	0.05182807	-0.103750125	-0.12635837	0.0017613344	0.09080885	-0.032225978	-0.017128196	-0.017863128	-0.006133451	-0.010808081	0.037769694	0.00677985	0.003370041	0.11280504	-0.015560059	-0.016767977	-0.08115447	0.035210267	0.003258774	-0.05586473	-0.03091475	-0.007983778	-0.0031016665	-0.020594826	0.00067551073	-0.014652089	-0.03314379	-0.08457782	0.0065392624	-0.011438486	-0.016742794	-0.0627	-0.08415364	0.08815378	0.06552527	-0.00043664977	0.02504611	-0.04956215	-0.02949956	-0.105548866	0.0465914	-0.06294533	0.016784556	0.08989731	0.03688395	-0.02613267	-0.05225562	0.023980329	0.008052184	0.016421564	0.017725281	-0.09104689	-0.09202307	0.035387784	0.0038268284	0.016110925	0.029294882	-0.014337598	-0.0051334887	0.06567143	-0.0015922379	-0.021050448	-0.015257	-0.111950524	0.040797133	-0.05157015	0.099140875	-0.09097538	-0.055225547	0.05424512	0.018217716	-0.09948497	-0.030175664	-0.08876012	-0.015597438	0.087719604	0.09319877	0.06488591	0.016978543	0.054019228	-0.041132208
-0.050695036	-0.037362315	-0.045825716	-0.013596171	-0.0036138229	0.05613605	-0.022330316	0.08839843	-0.056665104	-0.04413475	-0.057072084	-0.02235955	-0.043666176	-0.06292732	0.013800279	0.052163593	0.063528806	-0.022521956	0.0025059136	0.021036042	0.0612121	-0.016621603	-0.023288077	-0.05525142	-0.061460365	-0.08917284	0.026892092	0.038040973	-0.040117163	-0.047665015	-0.038771812	0.005158291	0.004921407	0.021055933	0.030592095	-0.03630423	-0.03165864	0.11720099	-0.071848	-0.046540868	0.0011475708	-0.073014595	-0.06490351	-0.0060110046	-0.1061678	0.07488858	-0.02491984	0.01183973	-0.078298	-0.039592322	-0.03559651	-0.0060253865	-0.08172034	0.058653843	0.09754256	0.06738347	0.020467382	-0.012366378	0.018526563	0.024072161	0.010376324	0.0139203435	0.016095797	-0.003471225	-0.022091463	-0.0513936	0.01510703	0.05807175	-0.052709762	0.044112105	0.02574319	0.010541104	-0.05735135	-0.117217965	0.07514406	0.0053739822	0.02332376	-0.024709484	-0.0403015	0.011111582	-0.09244612	0.022312317	-0.03892928	0.024352321	0.016738614	0.039633956	-0.019214785	-0.07126989	0.014952338	-0.09266751	-0.07400748	-0.07292282	0.014406731	-0.094183214	-0.06465502	0.09259917	-0.078091495	-0.0011260078	0.028056081	-0.02170342
-0.019405723	0.040490203	-0.104218006	0.0065586506	0.023717027	0.019987417	-0.0151853785	0.026980607	-0.02290254	-0.045910884	0.020409774	0.06335283	-0.0030016156	-0.05854274	0.0065336092	0.07725953	-0.005011271	-0.040604047	-0.012964219	0.0047730017	0.05486337	0.0056921686	0.013083999	-0.07105685	-0.007619236	-0.067398265	0.0976971	0.060780212	-0.08164209	-0.022349687	-0.05045262	-0.0051441444	-0.0691644	-0.033471443	0.050419066	0.06426494	0.036769506	0.10592141	-0.10932267	-0.086707175	0.014905259	-0.035415925	-0.10016897	0.06021136	-0.026077174	0.0748817	-0.012379115	0.09173068	-0.046496905	-0.025230775	-0.07835652	0.018119566	-0.08104839	-0.014859855	0.02058466	-0.03889073	0.04352886	-0.03344474	-0.024051398	0.033787206	0.05036315	-0.01785374	-0.046412792	-0.05320818	-0.020843856	-0.07009346	-0.04210183	0.06749101	-0.09690931	0.12316026	0.012324168	0.025628528	-0.016756754	-0.10352584	0.04650374	0.058175147	0.07185237	-0.05027707	0.0014262333	-0.058620375	-0.06008865	0.023083903	-0.044090904	0.020805959	-0.043119594	0.06314626	0.046716984	-0.006007983	-0.05011051	-0.037628327	0.018312635	-0.045405574	0.05098366	-0.017668609	-0.096065134	0.07499166	-0.08341366	0.081346095	-0.034400612	-0.043128192
0.030818392	0.006704409	-0.090125464	-0.019851258	-0.039641444	0.0642117	0.0022869506	0.093425415	0.023884935	-0.004749374	-0.06934174	-0.037775654	-0.07574723	-0.053064376	-0.029749973	0.027477192	0.050566047	-0.029258266	0.0030448912	0.03976804	-0.10552628	-0.005439887	-0.05749493	-0.012496882	-0.07422057	-0.08645025	0.03146493	0.03222646	-0.059685957	-0.025614932	-0.040170137	-0.09397843	-0.06699418	0.0640346	0.042490244	-0.028959397	0.019269522	0.09071486	-0.034373604	-0.09563485	-0.06739042	-0.020071186	-0.04969186	0.04497804	-0.06499646	0.021753956	0.059779886	0.006338332	-0.033570036	-0.034613658	0.012556532	-0.07206546	-0.0016472845	0.051983256	0.078509904	0.11214201	-0.04602742	0.008512816	-0.08984404	-0.0021264616	-0.015827855	0.029123053	-0.07704243	-0.06657677	-0.062012188	-0.09522563	0.0580426	0.03283091	-0.051139444	0.08972067	-0.04447851	0.049897518	-0.083806105	-0.11946438	0.036788706	0.021651836	0.020735467	-0.058646157	-0.033008724	-0.074124075	-0.06098083	0.020415785	-0.028099984	-0.018581575	-0.056935083	0.024259117	0.0014041947	-0.106606595	-0.03888179	-0.043417893	-0.122332245	-0.07816036	-0.0038332616	-0.01975064	-0.051804464	0.09496885	-0.025653057	0.11503098	-0.046847254	-0.051465493
-0.08829672	0.112194926	-0.056637995	-0.053054266	0.08639328	0.08622143	-0.0030680606	0.026731255	0.024772294	0.015313244	-0.042072646	0.052810706	-0.04740503	-0.024795309	-0.11801857	0.09335403	0.026050363	-0.02209804	-0.0026849587	-0.012697339	0.030890984	0.09813018	0.02343665	-0.13654374	-0.018402131	-0.08453732	0.07250137	0.07747345	-0.05041435	-0.12621629	-0.045222137	-0.038669366	-0.098823845	0.03195844	-0.026823472	0.070376575	-0.05407801	0.100275226	0.017172778	-0.105761394	-0.062101725	-0.032058634	-0.08615299	0.07034957	-0.052407127	0.02727134	0.06466525	0.023969844	-0.084996805	-0.013377301	0.012520794	0.053882044	-0.05392117	-0.058186144	0.058464613	-0.06434393	0.06517818	0.07235245	0.05267009	-0.00403836	0.12506692	-0.069986634	-0.03514673	-0.08131294	0.07671117	-0.13922581	-0.09770929	0.098439835	-0.068625845	0.12900507	0.07966885	0.064634964	-0.10049847	-0.080034226	0.068057686	0.08461503	0.049740076	-0.025478235	-0.05504638	-0.0063262857	-0.10363863	0.06244356	-0.052782968	-0.06563374	-0.036108006	-0.095935345	0.032898992	-0.01608635	-0.072645575	-0.092137806	-0.023249036	0.017588496	0.089693986	-0.059479732	-0.09097464	0.050559636	-0.065156914	0.018178716	-0.043357942	-0.110647306
-0.11003767	0.026576538	0.07806919	-0.04363837	0.020452263	0.024924349	-0.043956697	-0.04600101	0.030337285	-0.04594655	0.06381661	0.014754444	-0.04944769	0.04269255	-0.11072626	0.04749246	0.010474308	0.09316577	-0.003728974	-0.020151366	0.092165686	0.0541785	0.04589422	-0.11297548	0.051358372	0.031022223	0.014412244	0.08808432	-0.01565843	-0.04932636	0.03584475	0.047102954	-0.07355384	-0.02487601	-0.038091514	0.043118063	-0.096789315	0.051440593	-0.04264165	-0.031559903	0.060215954	0.0019946739	-0.09108449	0.013053961	-0.024541745	0.040131237	0.0055875354	0.0075745406	-0.056176443	0.0072827437	-0.0023329875	0.0965286	-0.052421995	-0.0030731873	0.03033617	-0.11471737	0.049583722	0.039640676	0.08995004	-0.021819377	0.075025104	-0.07119854	-0.049683627	-0.06645786	0.10949148	-0.07365139	-0.05223086	0.060205802	-0.0656154	0.009019514	-0.027854512	0.023092514	-0.083673	-0.016134096	-0.041971374	0.081348665	-0.00013864503	-0.034361344	0.054890152	0.01399516	-0.022211922	0.03411739	-0.05966887	-0.048226435	-0.03653321	-0.08632323	0.017424082	0.048593685	-0.05012242	-0.0060607013	-0.007820723	0.045937214	-0.006197923	-0.02717247	-0.036939308	-0.07533179	-0.01691421	-0.14152871	0.027169133	0.022797236
0.005365011	-0.044505745	-0.025505954	-0.06356521	0.024960615	-0.03773163	0.069215596	-0.0960085	-0.017870784	-0.030738981	0.014296304	-0.08292864	-0.017260581	0.018312696	-0.06210091	-0.034192424	-0.023168296	0.038449258	0.03159901	0.038844187	-0.040225647	-0.047367185	0.0168866	-0.0367038	0.06805538	0.00051177107	-0.054605316	-0.029994924	0.04596037	0.017688036	-0.0017972591	0.03571293	0.08016015	0.016810115	-0.025220482	0.010972644	-0.040275265	-0.035563663	-0.021485725	0.04636575	0.06223127	0.06937126	0.006606672	-0.065603904	0.088324934	-0.0051854025	-0.04484064	-0.010835171	0.039682347	0.00075475354	0.0036084577	-0.00856884	-0.011114869	0.032981448	0.013424007	-0.06823962	-0.013334326	0.042235587	-0.014877294	-0.06475858	-0.0420817	-0.047562435	0.018698502	-0.059963506	-0.050746568	0.0062097856	0.039690156	0.021371612	-0.009051681	-0.0453587	0.0027379107	0.021126753	-0.02440795	-0.026978305	-0.01520408	-0.057909697	-0.103794396	0.04845218	0.05581045	0.06256546	0.047856238	-0.0516848	0.033819795	0.017861878	-0.011378382	-0.03473919	0.010584282	0.006095903	0.016736547	0.0167662	0.021161174	-0.01854032	-0.072880395	0.06898266	-0.010609355	-0.023812748	-0.047355775	-0.03861707	0.02336549	0.05986932
0.06241355	-0.12589282	-0.025159372	-0.02106524	-0.012055001	-0.02585657	0.108391196	-0.012626437	-0.09768667	-0.038047668	-0.038321465	-0.06396682	0.0015844627	-0.04233786	-0.019679913	-0.028221179	0.017728582	-0.027491815	0.004605372	0.012972692	-0.053387914	-0.042655684	0.018299123	0.050860267	-0.041012123	-0.018983118	-0.07252874	-0.043566335	-0.013273453	0.022009853	-0.031105643	-0.08749146	0.06512123	-0.029018732	-0.022057844	-0.009888731	0.031684566	0.014789496	-0.020183602	0.01532457	0.028597044	-0.04319827	-0.01495607	-0.018013611	0.012457118	0.03763738	0.016008612	-0.013735876	0.06916885	-0.013372938	-0.027676633	-0.08656735	0.005533401	0.017979538	-0.018110607	0.020808889	0.009186276	-0.055479582	-0.11656798	-0.0023329833	-0.009745888	0.03479042	0.080958396	0.004227433	-0.027809432	-0.017069107	0.05051868	0.028429905	0.041351795	-0.047313154	-0.094253086	-0.119019315	0.11089804	0.030545142	-0.10136885	-0.06099132	-0.031315174	-0.013317256	0.043953512	0.001750068	0.045016218	-0.05798651	0.016302805	-0.0073378505	0.0033798316	-0.0074636084	0.021256318	-0.009141266	0.03770348	0.020872978	-0.009648462	-0.025114296	0.025716208	0.002357464	-0.018156797	-0.033075385	-0.035134736	-0.046309147	-0.031838644	0.044084806
-0.09993034	0.008150233	0.033395294	-0.11666747	0.04963284	0.032570932	0.005353114	0.0007288025	0.055913538	0.010446114	0.030367628	0.043721836	-0.07134967	-0.019993119	-0.1221818	0.038364254	0.024678746	0.007240059	0.033530544	-0.054236498	0.18612379	0.14392534	0.0014671395	-0.09398662	0.09934541	-0.013726463	-0.012300203	0.10988985	0.045450687	-0.045929916	0.02636485	-0.0016369838	-0.05258523	0.020983553	0.033981178	0.0102804685	-0.044795513	0.04202275	0.014782861	-0.015851796	-0.028522082	0.016368562	0.007584813	0.022990331	0.05697794	-0.024623882	0.06954484	-0.016830586	0.008526232	0.08226336	0.0761921	0.11269101	-0.1007215	-0.07594122	0.10879965	-0.018208057	0.05692978	0.08275479	0.07207667	0.0027217725	0.095337175	-0.09910473	-0.07344322	-0.09120921	0.08037616	-0.022924306	-0.050829265	-0.024488179	-0.07974054	0.012062054	-0.020650128	0.0847395	0.015284431	0.033828933	0.06729822	0.018606922	0.04143224	0.102486156	0.023699164	0.007313252	-0.036254976	-0.0044393474	-0.05226643	-0.071351714	0.058340263	-0.020097751	0.050314173	0.028311495	-0.03289535	0.015603388	0.121731885	0.013001636	0.024592042	0.0007344396	0.01917139	-0.062910445	-0.059874173	0.02088286	-0.00458075	0.022579042
0.13024443	-0.14888154	-0.030760305	0.039665457	-0.09678561	-0.056407854	0.115917884	-0.076653294	-0.022434648	-0.051637996	0.007853726	-0.12917598	0.04812897	0.0033003301	0.08788892	-0.08818501	-0.021231351	0.013523315	0.0045396714	0.020848546	-0.14018229	-0.15376218	0.020859983	0.067967564	-0.06568438	0.07088071	-0.08440915	-0.084587485	0.08623398	0.066381074	-0.0399622	-0.069204986	0.12862965	-0.007993404	0.0019045947	-0.12807326	0.012550816	-1.0766846e-05	0.020306405	0.029437665	0.0112519525	-0.00036204356	0.028176755	-0.060421623	0.04254204	-0.008965801	-0.08472365	0.02389287	0.02439125	-0.071314216	0.01864623	-0.09956396	-0.003582324	0.07623874	0.019236296	0.07313599	-0.08938079	-0.09760776	-0.14924693	-0.052537248	-0.07169722	0.064396225	0.03368908	0.1342934	-0.112334214	0.014837723	0.20091018	-0.04091709	-0.010065824	-0.07052599	-0.10132393	-0.013438773	0.17109017	-0.037747085	-0.078336224	-0.06631874	-0.07571219	-0.05594841	0.07334563	-0.054177225	-0.028302101	-0.058850795	0.015543323	0.016620135	0.022969887	0.06644557	-0.041782178	-0.023842687	0.141939	0.00335492	-0.108348444	0.007633147	-0.062507756	0.051421564	0.09512848	0.068435356	0.025773847	0.059793886	0.054222565	0.059153058
0.05255684	-0.0063522076	-0.058284704	0.04490241	-0.063432865	0.017901488	0.062593654	0.077130474	-0.057031404	-0.053501584	0.0036217063	0.03993083	0.01358751	-0.023327347	-0.014200676	0.02032973	0.07271689	-0.016517268	-0.024683306	0.018157812	-0.018364571	0.013826525	-0.023117686	0.020281076	0.0070120716	-0.074078955	0.011305774	0.06231479	-0.04548276	0.0019858102	0.016232861	-0.08599156	-0.009703506	0.03788654	-0.0053879423	-0.006902666	0.013985	0.068766095	-0.017419683	-0.043134846	-0.04054391	-0.04470286	-0.021171117	0.01649165	-0.029420998	0.07190661	-0.013617451	0.010709617	-0.040548008	-0.016890435	0.0018187453	-0.014947863	-0.032050624	0.05406035	0.0893023	0.041114043	0.0016778396	-0.0019166139	-0.057477612	0.009805942	0.02067665	0.007265166	-0.04285191	0.0015052542	0.028786086	-0.05679955	0.036854297	0.005069739	-0.038984146	-0.005031743	-0.034301765	0.05288802	0.0021384407	-0.016553078	0.029008811	-0.00082833634	-0.01640565	0.04406636	-0.05741083	0.0046970616	-0.036159303	-0.013590868	-0.06875597	-0.076000735	0.010440079	0.056586668	0.03092452	0.005118717	-0.0464502	-0.04239485	0.017263947	-0.046329986	-0.0040177335	-0.07551455	-0.0056744125	0.09868987	-0.023711748	0.097447924	-0.014685003	-0.10372425
-0.15619245	0.17158806	-0.00028646126	-0.069375105	0.18605861	-0.0051242756	-0.107407495	0.020992458	0.0810555	-0.019154118	0.058747824	0.11334833	-0.056483466	0.020569056	-0.038474698	0.023182362	-0.0053491215	0.0437529	-0.043820057	-0.054592434	0.16942261	0.08443273	0.070041575	-0.10309561	0.14216079	-0.024452914	0.06071211	0.10102948	-0.027443003	-0.079226226	-0.036960896	0.13567351	-0.07317994	0.012200519	0.08142286	0.0197868	-0.061298847	-0.027384125	0.050831318	-0.019447695	0.012089747	0.038370468	-0.03764535	0.06568857	0.053169534	-0.012313012	0.014965572	-0.010999374	-0.053003833	0.051316496	0.062035136	0.12726328	-0.12136336	-0.18674244	0.103493944	-0.121048704	0.17675751	0.095882736	0.128599	-0.010089311	0.08426492	-0.0061805537	-0.056372773	-0.0850542	0.1379686	-0.10897572	-0.12520733	0.011168726	-0.029988484	0.011006356	0.031562362	0.110134125	-0.035250034	-0.065927155	0.06803611	0.036315694	-0.017668733	0.111720115	-0.02571848	-0.013801682	-0.0045437887	-0.058533646	-0.016652817	0.0018355774	0.058842134	-0.019777684	0.06529017	0.09176269	-0.041480307	-0.07390221	0.17782992	0.044062812	0.057540476	-0.052019693	-0.009801082	0.032679472	0.005724961	-0.03877739	-0.012510833	0.0023354765
0.109580815	-0.13596375	0.0066110534	0.0090400465	-0.054350756	-0.11347401	0.0432346	-0.09468263	-0.018680703	-0.024122652	-0.011085712	-0.19188423	0.1009821	0.05144082	0.0880769	-0.13328432	-0.0064145597	-0.023103114	-0.0015832363	0.04957977	-0.11574093	-0.27640936	0.059501983	0.12327504	-0.013530676	0.042896915	-0.087085254	-0.068087645	0.037865017	0.13409181	0.041967787	0.0069533717	0.1795173	0.012539284	-0.07140197	-0.14250977	0.08750955	-0.07009025	0.01810154	0.008384454	0.028651195	0.040370326	0.10945882	-0.09498225	0.057189617	-0.05733892	-0.13786621	-0.02448565	0.102193445	0.0045755007	-0.028492734	-0.13347916	0.102292225	0.1322913	-0.013904487	0.046645146	-0.004276933	-0.10502336	-0.122143105	-0.07943285	-0.11327557	0.098257504	0.147378	0.11109336	-0.016824627	0.06707352	0.10164036	-0.10416923	0.077584855	-0.07140828	-0.056872185	-0.08133749	0.21042454	0.08998372	-0.009332366	-0.003222915	-0.09339732	0.013372868	0.1419741	0.028872851	0.017180555	-0.1104016	-0.0076366016	0.09548645	-0.07097642	0.041713417	-0.008741793	0.021156808	0.18073577	0.026362399	0.008279776	-0.015932139	-0.12578845	0.05374251	0.10225161	0.007910156	0.10544863	0.038139258	0.00031016258	0.07081269
0.06099397	0.027952502	-0.08902737	-0.03144939	-0.10551926	0.056415953	0.062493403	0.05410681	-0.0037477508	-0.053335216	-0.004794588	-0.05981253	0.016219588	-0.031656165	0.07547809	0.032747306	0.033054717	-0.016382344	-0.036320705	-0.0493921	0.06568181	-0.014933477	-0.017522804	-0.06725585	-0.0062891054	-0.08825148	0.010691282	0.057026565	-0.06872913	-0.031163177	-0.05865054	0.004250257	-0.07619123	0.059526198	0.10889838	0.0013528247	0.059789423	0.060378056	-0.092549786	-0.04317814	-0.05616595	-0.0020715608	-0.06901396	0.033000253	-0.022165306	0.009908392	-0.058848318	0.10108315	-0.024549674	0.0040633213	0.0071479096	0.019171603	-0.03664705	0.08293143	0.045870375	0.051704206	0.0077884337	-0.03710815	-0.070894435	0.051743105	-0.008596016	0.09071662	-0.073472306	-0.021183304	-0.056716334	-0.017079677	0.039080024	0.04339263	-0.08348146	0.1025468	-0.049940374	-0.0027004937	-0.030383151	-0.11464066	0.075927414	-0.011060629	0.11180314	0.053999983	-0.07644238	-0.013264352	-0.07818067	0.014294824	-0.09534412	-0.0663666	0.008414822	0.066232674	0.044056673	-0.08089492	0.03701335	-0.09008296	0.028308043	-0.040862307	-0.029032718	-0.09281988	-0.07955154	0.12643068	-0.06539654	0.105036855	0.002155438	-0.044896863
0.011966692	0.012802667	-0.05662215	-0.03436886	-0.004591452	0.070192814	0.07073911	0.10499694	-0.014197926	0.0015148009	-0.06454568	0.06988132	-0.10638165	-0.079781555	-0.062348846	0.03664735	0.1379398	-0.021698019	-0.055454098	-0.009952004	0.063873045	0.025154894	0.028467366	-0.06738743	0.03655522	-0.12071235	0.11697231	-0.021787876	-0.084667765	-0.07948518	-0.08507735	-0.0036234567	-0.11656972	0.009873521	0.09494122	0.046849538	-0.007453739	0.05457961	-0.068824485	-0.06190513	-0.04007145	-0.05636986	-0.042595405	0.039182305	-0.093400195	0.03684992	-0.00024906787	0.05257885	-0.17295025	-0.02522855	-0.06905531	0.04476289	-0.12467915	0.031732578	0.15601675	0.03808893	-0.0503177	-0.011068609	-0.016062528	0.024132524	0.04980797	0.041407615	-0.11075757	-0.051623605	0.02620397	-0.12101166	-0.0020599202	0.08689186	-0.12694219	0.08826522	0.005036424	0.065144874	-0.09760329	-0.053465154	0.082059585	-0.0073436657	0.055000823	0.037533797	-0.111161314	-0.029802293	-0.09161205	0.07653279	-0.063599914	-0.0062725036	0.0039039291	0.091317505	0.029182428	-0.03954971	-0.00032605516	-0.11518537	-0.00545868	-0.10549561	-0.008031111	-0.13039854	-0.11613263	0.12983182	-0.09385208	0.021759244	-0.099455506	-0.064297386
-0.057677396	0.1011419	-0.05569177	-0.094232865	0.025370568	0.04696231	0.009843856	0.07957834	0.0352512	-0.06172824	-0.07750082	0.058676317	-0.1095958	-0.06350728	-0.071264274	0.1309	0.10624709	-0.04967282	-0.04325291	0.06085527	0.08219754	-0.02443291	0.045353387	-0.12675291	0.0028525514	-0.08224841	0.1371406	0.05086207	-0.044409983	-0.1488916	-0.04002552	-0.056530926	-0.109695636	0.09420075	0.0019604124	0.057746	-0.07651131	0.06959316	0.021054126	-0.15213488	-0.06489923	-0.029690858	-0.12348514	0.11011958	-0.11794997	0.13700256	0.059860032	0.101534255	-0.106386125	-0.017812291	-0.029313242	0.03800081	-0.1013624	-0.03570487	0.14171298	-0.052346725	-0.029220939	0.018276246	0.085771225	0.07922762	0.107948855	-0.017812718	-0.10067469	-0.06559318	0.057730798	-0.121071644	-0.001519881	0.017099403	-0.13378826	0.13571897	0.1177654	0.038135037	-0.14206998	-0.10768845	0.013502274	0.057525113	0.08606181	-0.030429846	-0.11033605	-0.046165444	-0.10674081	0.003608624	-0.0066230907	-0.053189848	0.047642455	0.02724452	0.10563469	-0.013060668	-0.114551745	-0.09200717	0.05947266	-0.1053314	0.062304996	-0.070861004	-0.12664124	0.032851126	-0.09789527	-0.03444987	-0.09852657	-0.018156508
